[
  {
    "conversation_id": "conv_001",
    "predicted_intent": "Book Appointment",
    "rationale": "The user is requesting a site visit for a property, indicating an intent to schedule an appointment."
  },
  {
    "conversation_id": "conv_002",
    "predicted_intent": "Product Inquiry",
    "rationale": "The user is asking for information about available furnished villas and requesting photos, indicating they are inquiring about a product rather than negotiating prices or seeking support."
  }
]