[
  {
    "conversation_id": "conv_021",
    "predicted_intent": "Product Inquiry",
    "rationale": "Based on the conversation, the customer is likely interested in 'product inquiry'."
  },
  {
    "conversation_id": "conv_022",
    "predicted_intent": "Follow-Up",
    "rationale": "Based on the conversation, the customer is likely interested in 'follow-up'."
  },
  {
    "conversation_id": "conv_023",
    "predicted_intent": "Pricing Negotiation",
    "rationale": "Based on the conversation, the customer is likely interested in 'pricing negotiation'."
  },
  {
    "conversation_id": "conv_024",
    "predicted_intent": "Follow-Up",
    "rationale": "Based on the conversation, the customer is likely interested in 'follow-up'."
  },
  {
    "conversation_id": "conv_025",
    "predicted_intent": "Book Appointment",
    "rationale": "Based on the conversation, the customer is likely interested in 'book appointment'."
  },
  {
    "conversation_id": "conv_026",
    "predicted_intent": "Pricing Negotiation",
    "rationale": "Based on the conversation, the customer is likely interested in 'pricing negotiation'."
  },
  {
    "conversation_id": "conv_027",
    "predicted_intent": "Follow-Up",
    "rationale": "Based on the conversation, the customer is likely interested in 'follow-up'."
  },
  {
    "conversation_id": "conv_028",
    "predicted_intent": "Pricing Negotiation",
    "rationale": "Based on the conversation, the customer is likely interested in 'pricing negotiation'."
  },
  {
    "conversation_id": "conv_029",
    "predicted_intent": "Product Inquiry",
    "rationale": "Based on the conversation, the customer is likely interested in 'product inquiry'."
  },
  {
    "conversation_id": "conv_030",
    "predicted_intent": "Follow-Up",
    "rationale": "Based on the conversation, the customer is likely interested in 'follow-up'."
  },
  {
    "conversation_id": "conv_031",
    "predicted_intent": "Support Request",
    "rationale": "Based on the conversation, the customer is likely interested in 'support request'."
  },
  {
    "conversation_id": "conv_032",
    "predicted_intent": "Product Inquiry",
    "rationale": "Based on the conversation, the customer is likely interested in 'product inquiry'."
  },
  {
    "conversation_id": "conv_033",
    "predicted_intent": "Follow-Up",
    "rationale": "Based on the conversation, the customer is likely interested in 'follow-up'."
  },
  {
    "conversation_id": "conv_034",
    "predicted_intent": "Follow-Up",
    "rationale": "Based on the conversation, the customer is likely interested in 'follow-up'."
  },
  {
    "conversation_id": "conv_035",
    "predicted_intent": "Product Inquiry",
    "rationale": "Based on the conversation, the customer is likely interested in 'product inquiry'."
  },
  {
    "conversation_id": "conv_036",
    "predicted_intent": "Follow-Up",
    "rationale": "Based on the conversation, the customer is likely interested in 'follow-up'."
  },
  {
    "conversation_id": "conv_037",
    "predicted_intent": "Pricing Negotiation",
    "rationale": "Based on the conversation, the customer is likely interested in 'pricing negotiation'."
  },
  {
    "conversation_id": "conv_038",
    "predicted_intent": "Follow-Up",
    "rationale": "Based on the conversation, the customer is likely interested in 'follow-up'."
  },
  {
    "conversation_id": "conv_039",
    "predicted_intent": "Product Inquiry",
    "rationale": "Based on the conversation, the customer is likely interested in 'product inquiry'."
  },
  {
    "conversation_id": "conv_040",
    "predicted_intent": "Follow-Up",
    "rationale": "Based on the conversation, the customer is likely interested in 'follow-up'."
  }
]